key,tier,bn_quality,language,tokenizer,token_count,word_count_en
T1-01,T1,clean,English,tiktoken_o200k,5.0,3
T1-01,T1,clean,Bengali,tiktoken_o200k,16.0,3
T1-01,T1,clean,Hindi,tiktoken_o200k,16.0,3
T1-01,T1,clean,Arabic,tiktoken_o200k,12.0,3
T1-01,T1,clean,Tamil,tiktoken_o200k,13.0,3
T1-01,T1,clean,Yoruba,tiktoken_o200k,18.0,3
T1-01,T1,clean,English,qwen2.5_7b,5.0,3
T1-01,T1,clean,Bengali,qwen2.5_7b,36.0,3
T1-01,T1,clean,Hindi,qwen2.5_7b,32.0,3
T1-01,T1,clean,Arabic,qwen2.5_7b,15.0,3
T1-01,T1,clean,Tamil,qwen2.5_7b,33.0,3
T1-01,T1,clean,Yoruba,qwen2.5_7b,23.0,3
T1-01,T1,clean,English,mistral_7b_v0.1,6.0,3
T1-01,T1,clean,Bengali,mistral_7b_v0.1,39.0,3
T1-01,T1,clean,Hindi,mistral_7b_v0.1,33.0,3
T1-01,T1,clean,Arabic,mistral_7b_v0.1,36.0,3
T1-01,T1,clean,Tamil,mistral_7b_v0.1,36.0,3
T1-01,T1,clean,Yoruba,mistral_7b_v0.1,25.0,3
T1-02,T1,clean,English,tiktoken_o200k,9.0,5
T1-02,T1,clean,Bengali,tiktoken_o200k,19.0,5
T1-02,T1,clean,Hindi,tiktoken_o200k,17.0,5
T1-02,T1,clean,Arabic,tiktoken_o200k,20.0,5
T1-02,T1,clean,Tamil,tiktoken_o200k,9.0,5
T1-02,T1,clean,Yoruba,tiktoken_o200k,29.0,5
T1-02,T1,clean,English,qwen2.5_7b,9.0,5
T1-02,T1,clean,Bengali,qwen2.5_7b,56.0,5
T1-02,T1,clean,Hindi,qwen2.5_7b,47.0,5
T1-02,T1,clean,Arabic,qwen2.5_7b,23.0,5
T1-02,T1,clean,Tamil,qwen2.5_7b,9.0,5
T1-02,T1,clean,Yoruba,qwen2.5_7b,34.0,5
T1-02,T1,clean,English,mistral_7b_v0.1,10.0,5
T1-02,T1,clean,Bengali,mistral_7b_v0.1,58.0,5
T1-02,T1,clean,Hindi,mistral_7b_v0.1,50.0,5
T1-02,T1,clean,Arabic,mistral_7b_v0.1,57.0,5
T1-02,T1,clean,Tamil,mistral_7b_v0.1,10.0,5
T1-02,T1,clean,Yoruba,mistral_7b_v0.1,36.0,5
T1-03,T1,clean,English,tiktoken_o200k,9.0,8
T1-03,T1,clean,Bengali,tiktoken_o200k,23.0,8
T1-03,T1,clean,Hindi,tiktoken_o200k,18.0,8
T1-03,T1,clean,Arabic,tiktoken_o200k,17.0,8
T1-03,T1,clean,Tamil,tiktoken_o200k,33.0,8
T1-03,T1,clean,Yoruba,tiktoken_o200k,29.0,8
T1-03,T1,clean,English,qwen2.5_7b,9.0,8
T1-03,T1,clean,Bengali,qwen2.5_7b,79.0,8
T1-03,T1,clean,Hindi,qwen2.5_7b,55.0,8
T1-03,T1,clean,Arabic,qwen2.5_7b,19.0,8
T1-03,T1,clean,Tamil,qwen2.5_7b,96.0,8
T1-03,T1,clean,Yoruba,qwen2.5_7b,35.0,8
T1-03,T1,clean,English,mistral_7b_v0.1,9.0,8
T1-03,T1,clean,Bengali,mistral_7b_v0.1,83.0,8
T1-03,T1,clean,Hindi,mistral_7b_v0.1,65.0,8
T1-03,T1,clean,Arabic,mistral_7b_v0.1,40.0,8
T1-03,T1,clean,Tamil,mistral_7b_v0.1,101.0,8
T1-03,T1,clean,Yoruba,mistral_7b_v0.1,44.0,8
T1-04,T1,clean,English,tiktoken_o200k,10.0,10
T1-04,T1,clean,Bengali,tiktoken_o200k,11.0,10
T1-04,T1,clean,Hindi,tiktoken_o200k,19.0,10
T1-04,T1,clean,Arabic,tiktoken_o200k,13.0,10
T1-04,T1,clean,Tamil,tiktoken_o200k,16.0,10
T1-04,T1,clean,Yoruba,tiktoken_o200k,16.0,10
T1-04,T1,clean,English,qwen2.5_7b,10.0,10
T1-04,T1,clean,Bengali,qwen2.5_7b,31.0,10
T1-04,T1,clean,Hindi,qwen2.5_7b,35.0,10
T1-04,T1,clean,Arabic,qwen2.5_7b,17.0,10
T1-04,T1,clean,Tamil,qwen2.5_7b,53.0,10
T1-04,T1,clean,Yoruba,qwen2.5_7b,21.0,10
T1-04,T1,clean,English,mistral_7b_v0.1,10.0,10
T1-04,T1,clean,Bengali,mistral_7b_v0.1,32.0,10
T1-04,T1,clean,Hindi,mistral_7b_v0.1,40.0,10
T1-04,T1,clean,Arabic,mistral_7b_v0.1,42.0,10
T1-04,T1,clean,Tamil,mistral_7b_v0.1,55.0,10
T1-04,T1,clean,Yoruba,mistral_7b_v0.1,22.0,10
T1-05,T1,mixed,English,tiktoken_o200k,14.0,9
T1-05,T1,mixed,Bengali,tiktoken_o200k,17.0,9
T1-05,T1,mixed,Hindi,tiktoken_o200k,19.0,9
T1-05,T1,mixed,Arabic,tiktoken_o200k,25.0,9
T1-05,T1,mixed,Tamil,tiktoken_o200k,26.0,9
T1-05,T1,mixed,Yoruba,tiktoken_o200k,26.0,9
T1-05,T1,mixed,English,qwen2.5_7b,13.0,9
T1-05,T1,mixed,Bengali,qwen2.5_7b,50.0,9
T1-05,T1,mixed,Hindi,qwen2.5_7b,42.0,9
T1-05,T1,mixed,Arabic,qwen2.5_7b,32.0,9
T1-05,T1,mixed,Tamil,qwen2.5_7b,57.0,9
T1-05,T1,mixed,Yoruba,qwen2.5_7b,32.0,9
T1-05,T1,mixed,English,mistral_7b_v0.1,16.0,9
T1-05,T1,mixed,Bengali,mistral_7b_v0.1,50.0,9
T1-05,T1,mixed,Hindi,mistral_7b_v0.1,48.0,9
T1-05,T1,mixed,Arabic,mistral_7b_v0.1,72.0,9
T1-05,T1,mixed,Tamil,mistral_7b_v0.1,66.0,9
T1-05,T1,mixed,Yoruba,mistral_7b_v0.1,31.0,9
T1-06,T1,mixed,English,tiktoken_o200k,18.0,9
T1-06,T1,mixed,Bengali,tiktoken_o200k,23.0,9
T1-06,T1,mixed,Hindi,tiktoken_o200k,22.0,9
T1-06,T1,mixed,Arabic,tiktoken_o200k,29.0,9
T1-06,T1,mixed,Tamil,tiktoken_o200k,24.0,9
T1-06,T1,mixed,Yoruba,tiktoken_o200k,34.0,9
T1-06,T1,mixed,English,qwen2.5_7b,17.0,9
T1-06,T1,mixed,Bengali,qwen2.5_7b,46.0,9
T1-06,T1,mixed,Hindi,qwen2.5_7b,40.0,9
T1-06,T1,mixed,Arabic,qwen2.5_7b,28.0,9
T1-06,T1,mixed,Tamil,qwen2.5_7b,59.0,9
T1-06,T1,mixed,Yoruba,qwen2.5_7b,41.0,9
T1-06,T1,mixed,English,mistral_7b_v0.1,20.0,9
T1-06,T1,mixed,Bengali,mistral_7b_v0.1,48.0,9
T1-06,T1,mixed,Hindi,mistral_7b_v0.1,48.0,9
T1-06,T1,mixed,Arabic,mistral_7b_v0.1,62.0,9
T1-06,T1,mixed,Tamil,mistral_7b_v0.1,59.0,9
T1-06,T1,mixed,Yoruba,mistral_7b_v0.1,46.0,9
T1-07,T1,mixed,English,tiktoken_o200k,10.0,6
T1-07,T1,mixed,Bengali,tiktoken_o200k,13.0,6
T1-07,T1,mixed,Hindi,tiktoken_o200k,13.0,6
T1-07,T1,mixed,Arabic,tiktoken_o200k,14.0,6
T1-07,T1,mixed,Tamil,tiktoken_o200k,19.0,6
T1-07,T1,mixed,Yoruba,tiktoken_o200k,21.0,6
T1-07,T1,mixed,English,qwen2.5_7b,10.0,6
T1-07,T1,mixed,Bengali,qwen2.5_7b,30.0,6
T1-07,T1,mixed,Hindi,qwen2.5_7b,26.0,6
T1-07,T1,mixed,Arabic,qwen2.5_7b,17.0,6
T1-07,T1,mixed,Tamil,qwen2.5_7b,50.0,6
T1-07,T1,mixed,Yoruba,qwen2.5_7b,27.0,6
T1-07,T1,mixed,English,mistral_7b_v0.1,10.0,6
T1-07,T1,mixed,Bengali,mistral_7b_v0.1,29.0,6
T1-07,T1,mixed,Hindi,mistral_7b_v0.1,27.0,6
T1-07,T1,mixed,Arabic,mistral_7b_v0.1,30.0,6
T1-07,T1,mixed,Tamil,mistral_7b_v0.1,50.0,6
T1-07,T1,mixed,Yoruba,mistral_7b_v0.1,27.0,6
T1-08,T1,mixed,English,tiktoken_o200k,10.0,6
T1-08,T1,mixed,Bengali,tiktoken_o200k,24.0,6
T1-08,T1,mixed,Hindi,tiktoken_o200k,21.0,6
T1-08,T1,mixed,Arabic,tiktoken_o200k,21.0,6
T1-08,T1,mixed,Tamil,tiktoken_o200k,24.0,6
T1-08,T1,mixed,Yoruba,tiktoken_o200k,26.0,6
T1-08,T1,mixed,English,qwen2.5_7b,10.0,6
T1-08,T1,mixed,Bengali,qwen2.5_7b,65.0,6
T1-08,T1,mixed,Hindi,qwen2.5_7b,61.0,6
T1-08,T1,mixed,Arabic,qwen2.5_7b,24.0,6
T1-08,T1,mixed,Tamil,qwen2.5_7b,84.0,6
T1-08,T1,mixed,Yoruba,qwen2.5_7b,33.0,6
T1-08,T1,mixed,English,mistral_7b_v0.1,11.0,6
T1-08,T1,mixed,Bengali,mistral_7b_v0.1,66.0,6
T1-08,T1,mixed,Hindi,mistral_7b_v0.1,68.0,6
T1-08,T1,mixed,Arabic,mistral_7b_v0.1,49.0,6
T1-08,T1,mixed,Tamil,mistral_7b_v0.1,89.0,6
T1-08,T1,mixed,Yoruba,mistral_7b_v0.1,36.0,6
T1-09,T1,clean,English,tiktoken_o200k,10.0,10
T1-09,T1,clean,Bengali,tiktoken_o200k,23.0,10
T1-09,T1,clean,Hindi,tiktoken_o200k,19.0,10
T1-09,T1,clean,Arabic,tiktoken_o200k,9.0,10
T1-09,T1,clean,Tamil,tiktoken_o200k,29.0,10
T1-09,T1,clean,Yoruba,tiktoken_o200k,25.0,10
T1-09,T1,clean,English,qwen2.5_7b,10.0,10
T1-09,T1,clean,Bengali,qwen2.5_7b,72.0,10
T1-09,T1,clean,Hindi,qwen2.5_7b,50.0,10
T1-09,T1,clean,Arabic,qwen2.5_7b,9.0,10
T1-09,T1,clean,Tamil,qwen2.5_7b,86.0,10
T1-09,T1,clean,Yoruba,qwen2.5_7b,33.0,10
T1-09,T1,clean,English,mistral_7b_v0.1,10.0,10
T1-09,T1,clean,Bengali,mistral_7b_v0.1,72.0,10
T1-09,T1,clean,Hindi,mistral_7b_v0.1,58.0,10
T1-09,T1,clean,Arabic,mistral_7b_v0.1,32.0,10
T1-09,T1,clean,Tamil,mistral_7b_v0.1,85.0,10
T1-09,T1,clean,Yoruba,mistral_7b_v0.1,32.0,10
T1-10,T1,mixed,English,tiktoken_o200k,8.0,6
T1-10,T1,mixed,Bengali,tiktoken_o200k,11.0,6
T1-10,T1,mixed,Hindi,tiktoken_o200k,16.0,6
T1-10,T1,mixed,Arabic,tiktoken_o200k,14.0,6
T1-10,T1,mixed,Tamil,tiktoken_o200k,22.0,6
T1-10,T1,mixed,Yoruba,tiktoken_o200k,19.0,6
T1-10,T1,mixed,English,qwen2.5_7b,8.0,6
T1-10,T1,mixed,Bengali,qwen2.5_7b,30.0,6
T1-10,T1,mixed,Hindi,qwen2.5_7b,41.0,6
T1-10,T1,mixed,Arabic,qwen2.5_7b,18.0,6
T1-10,T1,mixed,Tamil,qwen2.5_7b,66.0,6
T1-10,T1,mixed,Yoruba,qwen2.5_7b,25.0,6
T1-10,T1,mixed,English,mistral_7b_v0.1,8.0,6
T1-10,T1,mixed,Bengali,mistral_7b_v0.1,30.0,6
T1-10,T1,mixed,Hindi,mistral_7b_v0.1,45.0,6
T1-10,T1,mixed,Arabic,mistral_7b_v0.1,35.0,6
T1-10,T1,mixed,Tamil,mistral_7b_v0.1,70.0,6
T1-10,T1,mixed,Yoruba,mistral_7b_v0.1,25.0,6
T1-11,T1,english_retained,English,tiktoken_o200k,6.0,2
T1-11,T1,english_retained,Bengali,tiktoken_o200k,6.0,2
T1-11,T1,english_retained,Hindi,tiktoken_o200k,10.0,2
T1-11,T1,english_retained,Arabic,tiktoken_o200k,9.0,2
T1-11,T1,english_retained,Tamil,tiktoken_o200k,11.0,2
T1-11,T1,english_retained,Yoruba,tiktoken_o200k,11.0,2
T1-11,T1,english_retained,English,qwen2.5_7b,6.0,2
T1-11,T1,english_retained,Bengali,qwen2.5_7b,6.0,2
T1-11,T1,english_retained,Hindi,qwen2.5_7b,17.0,2
T1-11,T1,english_retained,Arabic,qwen2.5_7b,9.0,2
T1-11,T1,english_retained,Tamil,qwen2.5_7b,21.0,2
T1-11,T1,english_retained,Yoruba,qwen2.5_7b,13.0,2
T1-11,T1,english_retained,English,mistral_7b_v0.1,6.0,2
T1-11,T1,english_retained,Bengali,mistral_7b_v0.1,6.0,2
T1-11,T1,english_retained,Hindi,mistral_7b_v0.1,19.0,2
T1-11,T1,english_retained,Arabic,mistral_7b_v0.1,17.0,2
T1-11,T1,english_retained,Tamil,mistral_7b_v0.1,21.0,2
T1-11,T1,english_retained,Yoruba,mistral_7b_v0.1,13.0,2
T1-12,T1,mixed,English,tiktoken_o200k,7.0,4
T1-12,T1,mixed,Bengali,tiktoken_o200k,9.0,4
T1-12,T1,mixed,Hindi,tiktoken_o200k,14.0,4
T1-12,T1,mixed,Arabic,tiktoken_o200k,13.0,4
T1-12,T1,mixed,Tamil,tiktoken_o200k,25.0,4
T1-12,T1,mixed,Yoruba,tiktoken_o200k,14.0,4
T1-12,T1,mixed,English,qwen2.5_7b,7.0,4
T1-12,T1,mixed,Bengali,qwen2.5_7b,22.0,4
T1-12,T1,mixed,Hindi,qwen2.5_7b,33.0,4
T1-12,T1,mixed,Arabic,qwen2.5_7b,14.0,4
T1-12,T1,mixed,Tamil,qwen2.5_7b,56.0,4
T1-12,T1,mixed,Yoruba,qwen2.5_7b,16.0,4
T1-12,T1,mixed,English,mistral_7b_v0.1,8.0,4
T1-12,T1,mixed,Bengali,mistral_7b_v0.1,24.0,4
T1-12,T1,mixed,Hindi,mistral_7b_v0.1,34.0,4
T1-12,T1,mixed,Arabic,mistral_7b_v0.1,31.0,4
T1-12,T1,mixed,Tamil,mistral_7b_v0.1,66.0,4
T1-12,T1,mixed,Yoruba,mistral_7b_v0.1,17.0,4
T1-13,T1,clean,English,tiktoken_o200k,10.0,10
T1-13,T1,clean,Bengali,tiktoken_o200k,15.0,10
T1-13,T1,clean,Hindi,tiktoken_o200k,16.0,10
T1-13,T1,clean,Arabic,tiktoken_o200k,17.0,10
T1-13,T1,clean,Tamil,tiktoken_o200k,28.0,10
T1-13,T1,clean,Yoruba,tiktoken_o200k,28.0,10
T1-13,T1,clean,English,qwen2.5_7b,10.0,10
T1-13,T1,clean,Bengali,qwen2.5_7b,39.0,10
T1-13,T1,clean,Hindi,qwen2.5_7b,44.0,10
T1-13,T1,clean,Arabic,qwen2.5_7b,19.0,10
T1-13,T1,clean,Tamil,qwen2.5_7b,86.0,10
T1-13,T1,clean,Yoruba,qwen2.5_7b,37.0,10
T1-13,T1,clean,English,mistral_7b_v0.1,11.0,10
T1-13,T1,clean,Bengali,mistral_7b_v0.1,42.0,10
T1-13,T1,clean,Hindi,mistral_7b_v0.1,49.0,10
T1-13,T1,clean,Arabic,mistral_7b_v0.1,52.0,10
T1-13,T1,clean,Tamil,mistral_7b_v0.1,93.0,10
T1-13,T1,clean,Yoruba,mistral_7b_v0.1,41.0,10
T1-14,T1,mixed,English,tiktoken_o200k,12.0,8
T1-14,T1,mixed,Bengali,tiktoken_o200k,18.0,8
T1-14,T1,mixed,Hindi,tiktoken_o200k,18.0,8
T1-14,T1,mixed,Arabic,tiktoken_o200k,21.0,8
T1-14,T1,mixed,Tamil,tiktoken_o200k,12.0,8
T1-14,T1,mixed,Yoruba,tiktoken_o200k,25.0,8
T1-14,T1,mixed,English,qwen2.5_7b,13.0,8
T1-14,T1,mixed,Bengali,qwen2.5_7b,42.0,8
T1-14,T1,mixed,Hindi,qwen2.5_7b,37.0,8
T1-14,T1,mixed,Arabic,qwen2.5_7b,23.0,8
T1-14,T1,mixed,Tamil,qwen2.5_7b,13.0,8
T1-14,T1,mixed,Yoruba,qwen2.5_7b,30.0,8
T1-14,T1,mixed,English,mistral_7b_v0.1,12.0,8
T1-14,T1,mixed,Bengali,mistral_7b_v0.1,44.0,8
T1-14,T1,mixed,Hindi,mistral_7b_v0.1,39.0,8
T1-14,T1,mixed,Arabic,mistral_7b_v0.1,51.0,8
T1-14,T1,mixed,Tamil,mistral_7b_v0.1,12.0,8
T1-14,T1,mixed,Yoruba,mistral_7b_v0.1,34.0,8
T1-15,T1,clean,English,tiktoken_o200k,10.0,10
T1-15,T1,clean,Bengali,tiktoken_o200k,18.0,10
T1-15,T1,clean,Hindi,tiktoken_o200k,18.0,10
T1-15,T1,clean,Arabic,tiktoken_o200k,12.0,10
T1-15,T1,clean,Tamil,tiktoken_o200k,16.0,10
T1-15,T1,clean,Yoruba,tiktoken_o200k,16.0,10
T1-15,T1,clean,English,qwen2.5_7b,10.0,10
T1-15,T1,clean,Bengali,qwen2.5_7b,60.0,10
T1-15,T1,clean,Hindi,qwen2.5_7b,60.0,10
T1-15,T1,clean,Arabic,qwen2.5_7b,16.0,10
T1-15,T1,clean,Tamil,qwen2.5_7b,61.0,10
T1-15,T1,clean,Yoruba,qwen2.5_7b,19.0,10
T1-15,T1,clean,English,mistral_7b_v0.1,10.0,10
T1-15,T1,clean,Bengali,mistral_7b_v0.1,59.0,10
T1-15,T1,clean,Hindi,mistral_7b_v0.1,71.0,10
T1-15,T1,clean,Arabic,mistral_7b_v0.1,40.0,10
T1-15,T1,clean,Tamil,mistral_7b_v0.1,57.0,10
T1-15,T1,clean,Yoruba,mistral_7b_v0.1,21.0,10
T1-16,T1,mixed,English,tiktoken_o200k,14.0,7
T1-16,T1,mixed,Bengali,tiktoken_o200k,25.0,7
T1-16,T1,mixed,Hindi,tiktoken_o200k,23.0,7
T1-16,T1,mixed,Arabic,tiktoken_o200k,20.0,7
T1-16,T1,mixed,Tamil,tiktoken_o200k,14.0,7
T1-16,T1,mixed,Yoruba,tiktoken_o200k,31.0,7
T1-16,T1,mixed,English,qwen2.5_7b,14.0,7
T1-16,T1,mixed,Bengali,qwen2.5_7b,49.0,7
T1-16,T1,mixed,Hindi,qwen2.5_7b,47.0,7
T1-16,T1,mixed,Arabic,qwen2.5_7b,21.0,7
T1-16,T1,mixed,Tamil,qwen2.5_7b,14.0,7
T1-16,T1,mixed,Yoruba,qwen2.5_7b,38.0,7
T1-16,T1,mixed,English,mistral_7b_v0.1,14.0,7
T1-16,T1,mixed,Bengali,mistral_7b_v0.1,49.0,7
T1-16,T1,mixed,Hindi,mistral_7b_v0.1,51.0,7
T1-16,T1,mixed,Arabic,mistral_7b_v0.1,41.0,7
T1-16,T1,mixed,Tamil,mistral_7b_v0.1,14.0,7
T1-16,T1,mixed,Yoruba,mistral_7b_v0.1,39.0,7
T1-17,T1,mixed,English,tiktoken_o200k,13.0,7
T1-17,T1,mixed,Bengali,tiktoken_o200k,24.0,7
T1-17,T1,mixed,Hindi,tiktoken_o200k,21.0,7
T1-17,T1,mixed,Arabic,tiktoken_o200k,21.0,7
T1-17,T1,mixed,Tamil,tiktoken_o200k,13.0,7
T1-17,T1,mixed,Yoruba,tiktoken_o200k,20.0,7
T1-17,T1,mixed,English,qwen2.5_7b,13.0,7
T1-17,T1,mixed,Bengali,qwen2.5_7b,48.0,7
T1-17,T1,mixed,Hindi,qwen2.5_7b,45.0,7
T1-17,T1,mixed,Arabic,qwen2.5_7b,20.0,7
T1-17,T1,mixed,Tamil,qwen2.5_7b,13.0,7
T1-17,T1,mixed,Yoruba,qwen2.5_7b,26.0,7
T1-17,T1,mixed,English,mistral_7b_v0.1,13.0,7
T1-17,T1,mixed,Bengali,mistral_7b_v0.1,48.0,7
T1-17,T1,mixed,Hindi,mistral_7b_v0.1,49.0,7
T1-17,T1,mixed,Arabic,mistral_7b_v0.1,41.0,7
T1-17,T1,mixed,Tamil,mistral_7b_v0.1,13.0,7
T1-17,T1,mixed,Yoruba,mistral_7b_v0.1,26.0,7
T1-18,T1,clean,English,tiktoken_o200k,9.0,9
T1-18,T1,clean,Bengali,tiktoken_o200k,22.0,9
T1-18,T1,clean,Hindi,tiktoken_o200k,19.0,9
T1-18,T1,clean,Arabic,tiktoken_o200k,15.0,9
T1-18,T1,clean,Tamil,tiktoken_o200k,23.0,9
T1-18,T1,clean,Yoruba,tiktoken_o200k,28.0,9
T1-18,T1,clean,English,qwen2.5_7b,9.0,9
T1-18,T1,clean,Bengali,qwen2.5_7b,64.0,9
T1-18,T1,clean,Hindi,qwen2.5_7b,58.0,9
T1-18,T1,clean,Arabic,qwen2.5_7b,18.0,9
T1-18,T1,clean,Tamil,qwen2.5_7b,72.0,9
T1-18,T1,clean,Yoruba,qwen2.5_7b,41.0,9
T1-18,T1,clean,English,mistral_7b_v0.1,9.0,9
T1-18,T1,clean,Bengali,mistral_7b_v0.1,64.0,9
T1-18,T1,clean,Hindi,mistral_7b_v0.1,64.0,9
T1-18,T1,clean,Arabic,mistral_7b_v0.1,50.0,9
T1-18,T1,clean,Tamil,mistral_7b_v0.1,77.0,9
T1-18,T1,clean,Yoruba,mistral_7b_v0.1,40.0,9
T1-19,T1,clean,English,tiktoken_o200k,10.0,10
T1-19,T1,clean,Bengali,tiktoken_o200k,24.0,10
T1-19,T1,clean,Hindi,tiktoken_o200k,22.0,10
T1-19,T1,clean,Arabic,tiktoken_o200k,14.0,10
T1-19,T1,clean,Tamil,tiktoken_o200k,27.0,10
T1-19,T1,clean,Yoruba,tiktoken_o200k,31.0,10
T1-19,T1,clean,English,qwen2.5_7b,10.0,10
T1-19,T1,clean,Bengali,qwen2.5_7b,65.0,10
T1-19,T1,clean,Hindi,qwen2.5_7b,55.0,10
T1-19,T1,clean,Arabic,qwen2.5_7b,17.0,10
T1-19,T1,clean,Tamil,qwen2.5_7b,85.0,10
T1-19,T1,clean,Yoruba,qwen2.5_7b,38.0,10
T1-19,T1,clean,English,mistral_7b_v0.1,10.0,10
T1-19,T1,clean,Bengali,mistral_7b_v0.1,64.0,10
T1-19,T1,clean,Hindi,mistral_7b_v0.1,63.0,10
T1-19,T1,clean,Arabic,mistral_7b_v0.1,40.0,10
T1-19,T1,clean,Tamil,mistral_7b_v0.1,83.0,10
T1-19,T1,clean,Yoruba,mistral_7b_v0.1,42.0,10
T1-20,T1,clean,English,tiktoken_o200k,11.0,11
T1-20,T1,clean,Bengali,tiktoken_o200k,20.0,11
T1-20,T1,clean,Hindi,tiktoken_o200k,14.0,11
T1-20,T1,clean,Arabic,tiktoken_o200k,15.0,11
T1-20,T1,clean,Tamil,tiktoken_o200k,25.0,11
T1-20,T1,clean,Yoruba,tiktoken_o200k,24.0,11
T1-20,T1,clean,English,qwen2.5_7b,11.0,11
T1-20,T1,clean,Bengali,qwen2.5_7b,54.0,11
T1-20,T1,clean,Hindi,qwen2.5_7b,51.0,11
T1-20,T1,clean,Arabic,qwen2.5_7b,18.0,11
T1-20,T1,clean,Tamil,qwen2.5_7b,66.0,11
T1-20,T1,clean,Yoruba,qwen2.5_7b,31.0,11
T1-20,T1,clean,English,mistral_7b_v0.1,12.0,11
T1-20,T1,clean,Bengali,mistral_7b_v0.1,57.0,11
T1-20,T1,clean,Hindi,mistral_7b_v0.1,56.0,11
T1-20,T1,clean,Arabic,mistral_7b_v0.1,43.0,11
T1-20,T1,clean,Tamil,mistral_7b_v0.1,66.0,11
T1-20,T1,clean,Yoruba,mistral_7b_v0.1,30.0,11
T2-01,T2,clean,English,tiktoken_o200k,58.0,51
T2-01,T2,clean,Bengali,tiktoken_o200k,87.0,51
T2-01,T2,clean,Hindi,tiktoken_o200k,85.0,51
T2-01,T2,clean,Arabic,tiktoken_o200k,79.0,51
T2-01,T2,clean,Tamil,tiktoken_o200k,106.0,51
T2-01,T2,clean,Yoruba,tiktoken_o200k,134.0,51
T2-01,T2,clean,English,qwen2.5_7b,58.0,51
T2-01,T2,clean,Bengali,qwen2.5_7b,262.0,51
T2-01,T2,clean,Hindi,qwen2.5_7b,244.0,51
T2-01,T2,clean,Arabic,qwen2.5_7b,95.0,51
T2-01,T2,clean,Tamil,qwen2.5_7b,332.0,51
T2-01,T2,clean,Yoruba,qwen2.5_7b,167.0,51
T2-01,T2,clean,English,mistral_7b_v0.1,58.0,51
T2-01,T2,clean,Bengali,mistral_7b_v0.1,266.0,51
T2-01,T2,clean,Hindi,mistral_7b_v0.1,277.0,51
T2-01,T2,clean,Arabic,mistral_7b_v0.1,206.0,51
T2-01,T2,clean,Tamil,mistral_7b_v0.1,352.0,51
T2-01,T2,clean,Yoruba,mistral_7b_v0.1,181.0,51
T2-02,T2,clean,English,tiktoken_o200k,53.0,46
T2-02,T2,clean,Bengali,tiktoken_o200k,95.0,46
T2-02,T2,clean,Hindi,tiktoken_o200k,89.0,46
T2-02,T2,clean,Arabic,tiktoken_o200k,79.0,46
T2-02,T2,clean,Tamil,tiktoken_o200k,117.0,46
T2-02,T2,clean,Yoruba,tiktoken_o200k,104.0,46
T2-02,T2,clean,English,qwen2.5_7b,54.0,46
T2-02,T2,clean,Bengali,qwen2.5_7b,314.0,46
T2-02,T2,clean,Hindi,qwen2.5_7b,271.0,46
T2-02,T2,clean,Arabic,qwen2.5_7b,87.0,46
T2-02,T2,clean,Tamil,qwen2.5_7b,407.0,46
T2-02,T2,clean,Yoruba,qwen2.5_7b,140.0,46
T2-02,T2,clean,English,mistral_7b_v0.1,58.0,46
T2-02,T2,clean,Bengali,mistral_7b_v0.1,330.0,46
T2-02,T2,clean,Hindi,mistral_7b_v0.1,305.0,46
T2-02,T2,clean,Arabic,mistral_7b_v0.1,222.0,46
T2-02,T2,clean,Tamil,mistral_7b_v0.1,437.0,46
T2-02,T2,clean,Yoruba,mistral_7b_v0.1,158.0,46
T2-03,T2,clean,English,tiktoken_o200k,56.0,49
T2-03,T2,clean,Bengali,tiktoken_o200k,104.0,49
T2-03,T2,clean,Hindi,tiktoken_o200k,71.0,49
T2-03,T2,clean,Arabic,tiktoken_o200k,69.0,49
T2-03,T2,clean,Tamil,tiktoken_o200k,92.0,49
T2-03,T2,clean,Yoruba,tiktoken_o200k,106.0,49
T2-03,T2,clean,English,qwen2.5_7b,55.0,49
T2-03,T2,clean,Bengali,qwen2.5_7b,297.0,49
T2-03,T2,clean,Hindi,qwen2.5_7b,214.0,49
T2-03,T2,clean,Arabic,qwen2.5_7b,85.0,49
T2-03,T2,clean,Tamil,qwen2.5_7b,328.0,49
T2-03,T2,clean,Yoruba,qwen2.5_7b,142.0,49
T2-03,T2,clean,English,mistral_7b_v0.1,57.0,49
T2-03,T2,clean,Bengali,mistral_7b_v0.1,319.0,49
T2-03,T2,clean,Hindi,mistral_7b_v0.1,242.0,49
T2-03,T2,clean,Arabic,mistral_7b_v0.1,214.0,49
T2-03,T2,clean,Tamil,mistral_7b_v0.1,339.0,49
T2-03,T2,clean,Yoruba,mistral_7b_v0.1,152.0,49
T2-04,T2,clean,English,tiktoken_o200k,51.0,47
T2-04,T2,clean,Bengali,tiktoken_o200k,90.0,47
T2-04,T2,clean,Hindi,tiktoken_o200k,89.0,47
T2-04,T2,clean,Arabic,tiktoken_o200k,57.0,47
T2-04,T2,clean,Tamil,tiktoken_o200k,100.0,47
T2-04,T2,clean,Yoruba,tiktoken_o200k,117.0,47
T2-04,T2,clean,English,qwen2.5_7b,50.0,47
T2-04,T2,clean,Bengali,qwen2.5_7b,268.0,47
T2-04,T2,clean,Hindi,qwen2.5_7b,286.0,47
T2-04,T2,clean,Arabic,qwen2.5_7b,72.0,47
T2-04,T2,clean,Tamil,qwen2.5_7b,348.0,47
T2-04,T2,clean,Yoruba,qwen2.5_7b,168.0,47
T2-04,T2,clean,English,mistral_7b_v0.1,52.0,47
T2-04,T2,clean,Bengali,mistral_7b_v0.1,265.0,47
T2-04,T2,clean,Hindi,mistral_7b_v0.1,329.0,47
T2-04,T2,clean,Arabic,mistral_7b_v0.1,193.0,47
T2-04,T2,clean,Tamil,mistral_7b_v0.1,344.0,47
T2-04,T2,clean,Yoruba,mistral_7b_v0.1,191.0,47
T2-05,T2,clean,English,tiktoken_o200k,51.0,47
T2-05,T2,clean,Bengali,tiktoken_o200k,92.0,47
T2-05,T2,clean,Hindi,tiktoken_o200k,90.0,47
T2-05,T2,clean,Arabic,tiktoken_o200k,59.0,47
T2-05,T2,clean,Tamil,tiktoken_o200k,96.0,47
T2-05,T2,clean,Yoruba,tiktoken_o200k,123.0,47
T2-05,T2,clean,English,qwen2.5_7b,51.0,47
T2-05,T2,clean,Bengali,qwen2.5_7b,289.0,47
T2-05,T2,clean,Hindi,qwen2.5_7b,265.0,47
T2-05,T2,clean,Arabic,qwen2.5_7b,65.0,47
T2-05,T2,clean,Tamil,qwen2.5_7b,335.0,47
T2-05,T2,clean,Yoruba,qwen2.5_7b,159.0,47
T2-05,T2,clean,English,mistral_7b_v0.1,51.0,47
T2-05,T2,clean,Bengali,mistral_7b_v0.1,294.0,47
T2-05,T2,clean,Hindi,mistral_7b_v0.1,298.0,47
T2-05,T2,clean,Arabic,mistral_7b_v0.1,181.0,47
T2-05,T2,clean,Tamil,mistral_7b_v0.1,348.0,47
T2-05,T2,clean,Yoruba,mistral_7b_v0.1,161.0,47
T2-06,T2,clean,English,tiktoken_o200k,65.0,58
T2-06,T2,clean,Bengali,tiktoken_o200k,116.0,58
T2-06,T2,clean,Hindi,tiktoken_o200k,112.0,58
T2-06,T2,clean,Arabic,tiktoken_o200k,82.0,58
T2-06,T2,clean,Tamil,tiktoken_o200k,119.0,58
T2-06,T2,clean,Yoruba,tiktoken_o200k,85.0,58
T2-06,T2,clean,English,qwen2.5_7b,65.0,58
T2-06,T2,clean,Bengali,qwen2.5_7b,360.0,58
T2-06,T2,clean,Hindi,qwen2.5_7b,325.0,58
T2-06,T2,clean,Arabic,qwen2.5_7b,83.0,58
T2-06,T2,clean,Tamil,qwen2.5_7b,419.0,58
T2-06,T2,clean,Yoruba,qwen2.5_7b,126.0,58
T2-06,T2,clean,English,mistral_7b_v0.1,66.0,58
T2-06,T2,clean,Bengali,mistral_7b_v0.1,376.0,58
T2-06,T2,clean,Hindi,mistral_7b_v0.1,354.0,58
T2-06,T2,clean,Arabic,mistral_7b_v0.1,238.0,58
T2-06,T2,clean,Tamil,mistral_7b_v0.1,445.0,58
T2-06,T2,clean,Yoruba,mistral_7b_v0.1,138.0,58
T2-07,T2,clean,English,tiktoken_o200k,61.0,57
T2-07,T2,clean,Bengali,tiktoken_o200k,99.0,57
T2-07,T2,clean,Hindi,tiktoken_o200k,92.0,57
T2-07,T2,clean,Arabic,tiktoken_o200k,73.0,57
T2-07,T2,clean,Tamil,tiktoken_o200k,115.0,57
T2-07,T2,clean,Yoruba,tiktoken_o200k,143.0,57
T2-07,T2,clean,English,qwen2.5_7b,60.0,57
T2-07,T2,clean,Bengali,qwen2.5_7b,317.0,57
T2-07,T2,clean,Hindi,qwen2.5_7b,294.0,57
T2-07,T2,clean,Arabic,qwen2.5_7b,93.0,57
T2-07,T2,clean,Tamil,qwen2.5_7b,384.0,57
T2-07,T2,clean,Yoruba,qwen2.5_7b,186.0,57
T2-07,T2,clean,English,mistral_7b_v0.1,61.0,57
T2-07,T2,clean,Bengali,mistral_7b_v0.1,334.0,57
T2-07,T2,clean,Hindi,mistral_7b_v0.1,330.0,57
T2-07,T2,clean,Arabic,mistral_7b_v0.1,225.0,57
T2-07,T2,clean,Tamil,mistral_7b_v0.1,398.0,57
T2-07,T2,clean,Yoruba,mistral_7b_v0.1,208.0,57
T2-08,T2,clean,English,tiktoken_o200k,52.0,48
T2-08,T2,clean,Bengali,tiktoken_o200k,97.0,48
T2-08,T2,clean,Hindi,tiktoken_o200k,89.0,48
T2-08,T2,clean,Arabic,tiktoken_o200k,62.0,48
T2-08,T2,clean,Tamil,tiktoken_o200k,113.0,48
T2-08,T2,clean,Yoruba,tiktoken_o200k,150.0,48
T2-08,T2,clean,English,qwen2.5_7b,51.0,48
T2-08,T2,clean,Bengali,qwen2.5_7b,296.0,48
T2-08,T2,clean,Hindi,qwen2.5_7b,277.0,48
T2-08,T2,clean,Arabic,qwen2.5_7b,72.0,48
T2-08,T2,clean,Tamil,qwen2.5_7b,345.0,48
T2-08,T2,clean,Yoruba,qwen2.5_7b,191.0,48
T2-08,T2,clean,English,mistral_7b_v0.1,52.0,48
T2-08,T2,clean,Bengali,mistral_7b_v0.1,315.0,48
T2-08,T2,clean,Hindi,mistral_7b_v0.1,311.0,48
T2-08,T2,clean,Arabic,mistral_7b_v0.1,186.0,48
T2-08,T2,clean,Tamil,mistral_7b_v0.1,364.0,48
T2-08,T2,clean,Yoruba,mistral_7b_v0.1,204.0,48
T2-09,T2,clean,English,tiktoken_o200k,56.0,49
T2-09,T2,clean,Bengali,tiktoken_o200k,90.0,49
T2-09,T2,clean,Hindi,tiktoken_o200k,99.0,49
T2-09,T2,clean,Arabic,tiktoken_o200k,74.0,49
T2-09,T2,clean,Tamil,tiktoken_o200k,116.0,49
T2-09,T2,clean,Yoruba,tiktoken_o200k,144.0,49
T2-09,T2,clean,English,qwen2.5_7b,57.0,49
T2-09,T2,clean,Bengali,qwen2.5_7b,278.0,49
T2-09,T2,clean,Hindi,qwen2.5_7b,272.0,49
T2-09,T2,clean,Arabic,qwen2.5_7b,97.0,49
T2-09,T2,clean,Tamil,qwen2.5_7b,360.0,49
T2-09,T2,clean,Yoruba,qwen2.5_7b,189.0,49
T2-09,T2,clean,English,mistral_7b_v0.1,60.0,49
T2-09,T2,clean,Bengali,mistral_7b_v0.1,291.0,49
T2-09,T2,clean,Hindi,mistral_7b_v0.1,295.0,49
T2-09,T2,clean,Arabic,mistral_7b_v0.1,222.0,49
T2-09,T2,clean,Tamil,mistral_7b_v0.1,387.0,49
T2-09,T2,clean,Yoruba,mistral_7b_v0.1,209.0,49
T2-10,T2,clean,English,tiktoken_o200k,55.0,48
T2-10,T2,clean,Bengali,tiktoken_o200k,97.0,48
T2-10,T2,clean,Hindi,tiktoken_o200k,99.0,48
T2-10,T2,clean,Arabic,tiktoken_o200k,76.0,48
T2-10,T2,clean,Tamil,tiktoken_o200k,114.0,48
T2-10,T2,clean,Yoruba,tiktoken_o200k,153.0,48
T2-10,T2,clean,English,qwen2.5_7b,55.0,48
T2-10,T2,clean,Bengali,qwen2.5_7b,294.0,48
T2-10,T2,clean,Hindi,qwen2.5_7b,269.0,48
T2-10,T2,clean,Arabic,qwen2.5_7b,89.0,48
T2-10,T2,clean,Tamil,qwen2.5_7b,356.0,48
T2-10,T2,clean,Yoruba,qwen2.5_7b,203.0,48
T2-10,T2,clean,English,mistral_7b_v0.1,61.0,48
T2-10,T2,clean,Bengali,mistral_7b_v0.1,300.0,48
T2-10,T2,clean,Hindi,mistral_7b_v0.1,311.0,48
T2-10,T2,clean,Arabic,mistral_7b_v0.1,222.0,48
T2-10,T2,clean,Tamil,mistral_7b_v0.1,370.0,48
T2-10,T2,clean,Yoruba,mistral_7b_v0.1,228.0,48
T2-11,T2,clean,English,tiktoken_o200k,60.0,52
T2-11,T2,clean,Bengali,tiktoken_o200k,94.0,52
T2-11,T2,clean,Hindi,tiktoken_o200k,87.0,52
T2-11,T2,clean,Arabic,tiktoken_o200k,79.0,52
T2-11,T2,clean,Tamil,tiktoken_o200k,102.0,52
T2-11,T2,clean,Yoruba,tiktoken_o200k,132.0,52
T2-11,T2,clean,English,qwen2.5_7b,59.0,52
T2-11,T2,clean,Bengali,qwen2.5_7b,279.0,52
T2-11,T2,clean,Hindi,qwen2.5_7b,281.0,52
T2-11,T2,clean,Arabic,qwen2.5_7b,96.0,52
T2-11,T2,clean,Tamil,qwen2.5_7b,366.0,52
T2-11,T2,clean,Yoruba,qwen2.5_7b,174.0,52
T2-11,T2,clean,English,mistral_7b_v0.1,60.0,52
T2-11,T2,clean,Bengali,mistral_7b_v0.1,306.0,52
T2-11,T2,clean,Hindi,mistral_7b_v0.1,309.0,52
T2-11,T2,clean,Arabic,mistral_7b_v0.1,218.0,52
T2-11,T2,clean,Tamil,mistral_7b_v0.1,383.0,52
T2-11,T2,clean,Yoruba,mistral_7b_v0.1,201.0,52
T2-12,T2,clean,English,tiktoken_o200k,54.0,47
T2-12,T2,clean,Bengali,tiktoken_o200k,113.0,47
T2-12,T2,clean,Hindi,tiktoken_o200k,93.0,47
T2-12,T2,clean,Arabic,tiktoken_o200k,81.0,47
T2-12,T2,clean,Tamil,tiktoken_o200k,104.0,47
T2-12,T2,clean,Yoruba,tiktoken_o200k,152.0,47
T2-12,T2,clean,English,qwen2.5_7b,53.0,47
T2-12,T2,clean,Bengali,qwen2.5_7b,353.0,47
T2-12,T2,clean,Hindi,qwen2.5_7b,276.0,47
T2-12,T2,clean,Arabic,qwen2.5_7b,103.0,47
T2-12,T2,clean,Tamil,qwen2.5_7b,362.0,47
T2-12,T2,clean,Yoruba,qwen2.5_7b,193.0,47
T2-12,T2,clean,English,mistral_7b_v0.1,57.0,47
T2-12,T2,clean,Bengali,mistral_7b_v0.1,381.0,47
T2-12,T2,clean,Hindi,mistral_7b_v0.1,310.0,47
T2-12,T2,clean,Arabic,mistral_7b_v0.1,248.0,47
T2-12,T2,clean,Tamil,mistral_7b_v0.1,379.0,47
T2-12,T2,clean,Yoruba,mistral_7b_v0.1,217.0,47
T2-13,T2,clean,English,tiktoken_o200k,55.0,51
T2-13,T2,clean,Bengali,tiktoken_o200k,90.0,51
T2-13,T2,clean,Hindi,tiktoken_o200k,100.0,51
T2-13,T2,clean,Arabic,tiktoken_o200k,65.0,51
T2-13,T2,clean,Tamil,tiktoken_o200k,120.0,51
T2-13,T2,clean,Yoruba,tiktoken_o200k,140.0,51
T2-13,T2,clean,English,qwen2.5_7b,54.0,51
T2-13,T2,clean,Bengali,qwen2.5_7b,277.0,51
T2-13,T2,clean,Hindi,qwen2.5_7b,273.0,51
T2-13,T2,clean,Arabic,qwen2.5_7b,74.0,51
T2-13,T2,clean,Tamil,qwen2.5_7b,378.0,51
T2-13,T2,clean,Yoruba,qwen2.5_7b,179.0,51
T2-13,T2,clean,English,mistral_7b_v0.1,55.0,51
T2-13,T2,clean,Bengali,mistral_7b_v0.1,287.0,51
T2-13,T2,clean,Hindi,mistral_7b_v0.1,299.0,51
T2-13,T2,clean,Arabic,mistral_7b_v0.1,192.0,51
T2-13,T2,clean,Tamil,mistral_7b_v0.1,405.0,51
T2-13,T2,clean,Yoruba,mistral_7b_v0.1,197.0,51
T2-14,T2,clean,English,tiktoken_o200k,52.0,47
T2-14,T2,clean,Bengali,tiktoken_o200k,86.0,47
T2-14,T2,clean,Hindi,tiktoken_o200k,86.0,47
T2-14,T2,clean,Arabic,tiktoken_o200k,73.0,47
T2-14,T2,clean,Tamil,tiktoken_o200k,94.0,47
T2-14,T2,clean,Yoruba,tiktoken_o200k,125.0,47
T2-14,T2,clean,English,qwen2.5_7b,51.0,47
T2-14,T2,clean,Bengali,qwen2.5_7b,250.0,47
T2-14,T2,clean,Hindi,qwen2.5_7b,227.0,47
T2-14,T2,clean,Arabic,qwen2.5_7b,78.0,47
T2-14,T2,clean,Tamil,qwen2.5_7b,327.0,47
T2-14,T2,clean,Yoruba,qwen2.5_7b,163.0,47
T2-14,T2,clean,English,mistral_7b_v0.1,53.0,47
T2-14,T2,clean,Bengali,mistral_7b_v0.1,258.0,47
T2-14,T2,clean,Hindi,mistral_7b_v0.1,255.0,47
T2-14,T2,clean,Arabic,mistral_7b_v0.1,189.0,47
T2-14,T2,clean,Tamil,mistral_7b_v0.1,350.0,47
T2-14,T2,clean,Yoruba,mistral_7b_v0.1,187.0,47
T2-15,T2,clean,English,tiktoken_o200k,56.0,49
T2-15,T2,clean,Bengali,tiktoken_o200k,106.0,49
T2-15,T2,clean,Hindi,tiktoken_o200k,90.0,49
T2-15,T2,clean,Arabic,tiktoken_o200k,73.0,49
T2-15,T2,clean,Tamil,tiktoken_o200k,112.0,49
T2-15,T2,clean,Yoruba,tiktoken_o200k,155.0,49
T2-15,T2,clean,English,qwen2.5_7b,56.0,49
T2-15,T2,clean,Bengali,qwen2.5_7b,322.0,49
T2-15,T2,clean,Hindi,qwen2.5_7b,277.0,49
T2-15,T2,clean,Arabic,qwen2.5_7b,87.0,49
T2-15,T2,clean,Tamil,qwen2.5_7b,370.0,49
T2-15,T2,clean,Yoruba,qwen2.5_7b,216.0,49
T2-15,T2,clean,English,mistral_7b_v0.1,58.0,49
T2-15,T2,clean,Bengali,mistral_7b_v0.1,333.0,49
T2-15,T2,clean,Hindi,mistral_7b_v0.1,313.0,49
T2-15,T2,clean,Arabic,mistral_7b_v0.1,228.0,49
T2-15,T2,clean,Tamil,mistral_7b_v0.1,379.0,49
T2-15,T2,clean,Yoruba,mistral_7b_v0.1,238.0,49
T2-16,T2,clean,English,tiktoken_o200k,49.0,45
T2-16,T2,clean,Bengali,tiktoken_o200k,99.0,45
T2-16,T2,clean,Hindi,tiktoken_o200k,82.0,45
T2-16,T2,clean,Arabic,tiktoken_o200k,65.0,45
T2-16,T2,clean,Tamil,tiktoken_o200k,107.0,45
T2-16,T2,clean,Yoruba,tiktoken_o200k,150.0,45
T2-16,T2,clean,English,qwen2.5_7b,49.0,45
T2-16,T2,clean,Bengali,qwen2.5_7b,300.0,45
T2-16,T2,clean,Hindi,qwen2.5_7b,256.0,45
T2-16,T2,clean,Arabic,qwen2.5_7b,79.0,45
T2-16,T2,clean,Tamil,qwen2.5_7b,363.0,45
T2-16,T2,clean,Yoruba,qwen2.5_7b,199.0,45
T2-16,T2,clean,English,mistral_7b_v0.1,50.0,45
T2-16,T2,clean,Bengali,mistral_7b_v0.1,316.0,45
T2-16,T2,clean,Hindi,mistral_7b_v0.1,292.0,45
T2-16,T2,clean,Arabic,mistral_7b_v0.1,179.0,45
T2-16,T2,clean,Tamil,mistral_7b_v0.1,375.0,45
T2-16,T2,clean,Yoruba,mistral_7b_v0.1,225.0,45
T2-17,T2,clean,English,tiktoken_o200k,52.0,46
T2-17,T2,clean,Bengali,tiktoken_o200k,92.0,46
T2-17,T2,clean,Hindi,tiktoken_o200k,65.0,46
T2-17,T2,clean,Arabic,tiktoken_o200k,69.0,46
T2-17,T2,clean,Tamil,tiktoken_o200k,111.0,46
T2-17,T2,clean,Yoruba,tiktoken_o200k,136.0,46
T2-17,T2,clean,English,qwen2.5_7b,52.0,46
T2-17,T2,clean,Bengali,qwen2.5_7b,272.0,46
T2-17,T2,clean,Hindi,qwen2.5_7b,196.0,46
T2-17,T2,clean,Arabic,qwen2.5_7b,82.0,46
T2-17,T2,clean,Tamil,qwen2.5_7b,373.0,46
T2-17,T2,clean,Yoruba,qwen2.5_7b,177.0,46
T2-17,T2,clean,English,mistral_7b_v0.1,54.0,46
T2-17,T2,clean,Bengali,mistral_7b_v0.1,273.0,46
T2-17,T2,clean,Hindi,mistral_7b_v0.1,217.0,46
T2-17,T2,clean,Arabic,mistral_7b_v0.1,198.0,46
T2-17,T2,clean,Tamil,mistral_7b_v0.1,384.0,46
T2-17,T2,clean,Yoruba,mistral_7b_v0.1,188.0,46
T2-18,T2,clean,English,tiktoken_o200k,48.0,45
T2-18,T2,clean,Bengali,tiktoken_o200k,82.0,45
T2-18,T2,clean,Hindi,tiktoken_o200k,67.0,45
T2-18,T2,clean,Arabic,tiktoken_o200k,59.0,45
T2-18,T2,clean,Tamil,tiktoken_o200k,97.0,45
T2-18,T2,clean,Yoruba,tiktoken_o200k,136.0,45
T2-18,T2,clean,English,qwen2.5_7b,48.0,45
T2-18,T2,clean,Bengali,qwen2.5_7b,276.0,45
T2-18,T2,clean,Hindi,qwen2.5_7b,211.0,45
T2-18,T2,clean,Arabic,qwen2.5_7b,69.0,45
T2-18,T2,clean,Tamil,qwen2.5_7b,316.0,45
T2-18,T2,clean,Yoruba,qwen2.5_7b,181.0,45
T2-18,T2,clean,English,mistral_7b_v0.1,50.0,45
T2-18,T2,clean,Bengali,mistral_7b_v0.1,296.0,45
T2-18,T2,clean,Hindi,mistral_7b_v0.1,242.0,45
T2-18,T2,clean,Arabic,mistral_7b_v0.1,181.0,45
T2-18,T2,clean,Tamil,mistral_7b_v0.1,324.0,45
T2-18,T2,clean,Yoruba,mistral_7b_v0.1,198.0,45
T2-19,T2,clean,English,tiktoken_o200k,50.0,44
T2-19,T2,clean,Bengali,tiktoken_o200k,99.0,44
T2-19,T2,clean,Hindi,tiktoken_o200k,97.0,44
T2-19,T2,clean,Arabic,tiktoken_o200k,74.0,44
T2-19,T2,clean,Tamil,tiktoken_o200k,123.0,44
T2-19,T2,clean,Yoruba,tiktoken_o200k,138.0,44
T2-19,T2,clean,English,qwen2.5_7b,50.0,44
T2-19,T2,clean,Bengali,qwen2.5_7b,305.0,44
T2-19,T2,clean,Hindi,qwen2.5_7b,246.0,44
T2-19,T2,clean,Arabic,qwen2.5_7b,93.0,44
T2-19,T2,clean,Tamil,qwen2.5_7b,380.0,44
T2-19,T2,clean,Yoruba,qwen2.5_7b,192.0,44
T2-19,T2,clean,English,mistral_7b_v0.1,58.0,44
T2-19,T2,clean,Bengali,mistral_7b_v0.1,323.0,44
T2-19,T2,clean,Hindi,mistral_7b_v0.1,281.0,44
T2-19,T2,clean,Arabic,mistral_7b_v0.1,223.0,44
T2-19,T2,clean,Tamil,mistral_7b_v0.1,396.0,44
T2-19,T2,clean,Yoruba,mistral_7b_v0.1,202.0,44
T2-20,T2,clean,English,tiktoken_o200k,59.0,53
T2-20,T2,clean,Bengali,tiktoken_o200k,119.0,53
T2-20,T2,clean,Hindi,tiktoken_o200k,98.0,53
T2-20,T2,clean,Arabic,tiktoken_o200k,95.0,53
T2-20,T2,clean,Tamil,tiktoken_o200k,140.0,53
T2-20,T2,clean,Yoruba,tiktoken_o200k,143.0,53
T2-20,T2,clean,English,qwen2.5_7b,60.0,53
T2-20,T2,clean,Bengali,qwen2.5_7b,362.0,53
T2-20,T2,clean,Hindi,qwen2.5_7b,320.0,53
T2-20,T2,clean,Arabic,qwen2.5_7b,106.0,53
T2-20,T2,clean,Tamil,qwen2.5_7b,428.0,53
T2-20,T2,clean,Yoruba,qwen2.5_7b,194.0,53
T2-20,T2,clean,English,mistral_7b_v0.1,63.0,53
T2-20,T2,clean,Bengali,mistral_7b_v0.1,387.0,53
T2-20,T2,clean,Hindi,mistral_7b_v0.1,356.0,53
T2-20,T2,clean,Arabic,mistral_7b_v0.1,275.0,53
T2-20,T2,clean,Tamil,mistral_7b_v0.1,466.0,53
T2-20,T2,clean,Yoruba,mistral_7b_v0.1,220.0,53
T2-21,T2,clean,English,tiktoken_o200k,70.0,66
T2-21,T2,clean,Bengali,tiktoken_o200k,130.0,66
T2-21,T2,clean,Hindi,tiktoken_o200k,124.0,66
T2-21,T2,clean,Arabic,tiktoken_o200k,89.0,66
T2-21,T2,clean,Tamil,tiktoken_o200k,135.0,66
T2-21,T2,clean,Yoruba,tiktoken_o200k,177.0,66
T2-21,T2,clean,English,qwen2.5_7b,70.0,66
T2-21,T2,clean,Bengali,qwen2.5_7b,402.0,66
T2-21,T2,clean,Hindi,qwen2.5_7b,368.0,66
T2-21,T2,clean,Arabic,qwen2.5_7b,101.0,66
T2-21,T2,clean,Tamil,qwen2.5_7b,454.0,66
T2-21,T2,clean,Yoruba,qwen2.5_7b,223.0,66
T2-21,T2,clean,English,mistral_7b_v0.1,70.0,66
T2-21,T2,clean,Bengali,mistral_7b_v0.1,414.0,66
T2-21,T2,clean,Hindi,mistral_7b_v0.1,400.0,66
T2-21,T2,clean,Arabic,mistral_7b_v0.1,259.0,66
T2-21,T2,clean,Tamil,mistral_7b_v0.1,480.0,66
T2-21,T2,clean,Yoruba,mistral_7b_v0.1,269.0,66
T2-22,T2,clean,English,tiktoken_o200k,52.0,46
T2-22,T2,clean,Bengali,tiktoken_o200k,88.0,46
T2-22,T2,clean,Hindi,tiktoken_o200k,78.0,46
T2-22,T2,clean,Arabic,tiktoken_o200k,64.0,46
T2-22,T2,clean,Tamil,tiktoken_o200k,106.0,46
T2-22,T2,clean,Yoruba,tiktoken_o200k,71.0,46
T2-22,T2,clean,English,qwen2.5_7b,51.0,46
T2-22,T2,clean,Bengali,qwen2.5_7b,245.0,46
T2-22,T2,clean,Hindi,qwen2.5_7b,205.0,46
T2-22,T2,clean,Arabic,qwen2.5_7b,75.0,46
T2-22,T2,clean,Tamil,qwen2.5_7b,302.0,46
T2-22,T2,clean,Yoruba,qwen2.5_7b,101.0,46
T2-22,T2,clean,English,mistral_7b_v0.1,54.0,46
T2-22,T2,clean,Bengali,mistral_7b_v0.1,250.0,46
T2-22,T2,clean,Hindi,mistral_7b_v0.1,225.0,46
T2-22,T2,clean,Arabic,mistral_7b_v0.1,186.0,46
T2-22,T2,clean,Tamil,mistral_7b_v0.1,315.0,46
T2-22,T2,clean,Yoruba,mistral_7b_v0.1,109.0,46
T2-23,T2,clean,English,tiktoken_o200k,57.0,53
T2-23,T2,clean,Bengali,tiktoken_o200k,109.0,53
T2-23,T2,clean,Hindi,tiktoken_o200k,99.0,53
T2-23,T2,clean,Arabic,tiktoken_o200k,71.0,53
T2-23,T2,clean,Tamil,tiktoken_o200k,126.0,53
T2-23,T2,clean,Yoruba,tiktoken_o200k,149.0,53
T2-23,T2,clean,English,qwen2.5_7b,56.0,53
T2-23,T2,clean,Bengali,qwen2.5_7b,350.0,53
T2-23,T2,clean,Hindi,qwen2.5_7b,281.0,53
T2-23,T2,clean,Arabic,qwen2.5_7b,85.0,53
T2-23,T2,clean,Tamil,qwen2.5_7b,421.0,53
T2-23,T2,clean,Yoruba,qwen2.5_7b,209.0,53
T2-23,T2,clean,English,mistral_7b_v0.1,57.0,53
T2-23,T2,clean,Bengali,mistral_7b_v0.1,366.0,53
T2-23,T2,clean,Hindi,mistral_7b_v0.1,312.0,53
T2-23,T2,clean,Arabic,mistral_7b_v0.1,192.0,53
T2-23,T2,clean,Tamil,mistral_7b_v0.1,451.0,53
T2-23,T2,clean,Yoruba,mistral_7b_v0.1,238.0,53
T2-24,T2,clean,English,tiktoken_o200k,64.0,57
T2-24,T2,clean,Bengali,tiktoken_o200k,116.0,57
T2-24,T2,clean,Hindi,tiktoken_o200k,107.0,57
T2-24,T2,clean,Arabic,tiktoken_o200k,72.0,57
T2-24,T2,clean,Tamil,tiktoken_o200k,109.0,57
T2-24,T2,clean,Yoruba,tiktoken_o200k,142.0,57
T2-24,T2,clean,English,qwen2.5_7b,63.0,57
T2-24,T2,clean,Bengali,qwen2.5_7b,395.0,57
T2-24,T2,clean,Hindi,qwen2.5_7b,340.0,57
T2-24,T2,clean,Arabic,qwen2.5_7b,81.0,57
T2-24,T2,clean,Tamil,qwen2.5_7b,356.0,57
T2-24,T2,clean,Yoruba,qwen2.5_7b,182.0,57
T2-24,T2,clean,English,mistral_7b_v0.1,64.0,57
T2-24,T2,clean,Bengali,mistral_7b_v0.1,413.0,57
T2-24,T2,clean,Hindi,mistral_7b_v0.1,387.0,57
T2-24,T2,clean,Arabic,mistral_7b_v0.1,229.0,57
T2-24,T2,clean,Tamil,mistral_7b_v0.1,364.0,57
T2-24,T2,clean,Yoruba,mistral_7b_v0.1,201.0,57
T2-25,T2,clean,English,tiktoken_o200k,53.0,47
T2-25,T2,clean,Bengali,tiktoken_o200k,103.0,47
T2-25,T2,clean,Hindi,tiktoken_o200k,98.0,47
T2-25,T2,clean,Arabic,tiktoken_o200k,78.0,47
T2-25,T2,clean,Tamil,tiktoken_o200k,114.0,47
T2-25,T2,clean,Yoruba,tiktoken_o200k,151.0,47
T2-25,T2,clean,English,qwen2.5_7b,53.0,47
T2-25,T2,clean,Bengali,qwen2.5_7b,258.0,47
T2-25,T2,clean,Hindi,qwen2.5_7b,252.0,47
T2-25,T2,clean,Arabic,qwen2.5_7b,85.0,47
T2-25,T2,clean,Tamil,qwen2.5_7b,362.0,47
T2-25,T2,clean,Yoruba,qwen2.5_7b,201.0,47
T2-25,T2,clean,English,mistral_7b_v0.1,58.0,47
T2-25,T2,clean,Bengali,mistral_7b_v0.1,283.0,47
T2-25,T2,clean,Hindi,mistral_7b_v0.1,283.0,47
T2-25,T2,clean,Arabic,mistral_7b_v0.1,221.0,47
T2-25,T2,clean,Tamil,mistral_7b_v0.1,378.0,47
T2-25,T2,clean,Yoruba,mistral_7b_v0.1,224.0,47
T2-26,T2,clean,English,tiktoken_o200k,63.0,57
T2-26,T2,clean,Bengali,tiktoken_o200k,109.0,57
T2-26,T2,clean,Hindi,tiktoken_o200k,98.0,57
T2-26,T2,clean,Arabic,tiktoken_o200k,70.0,57
T2-26,T2,clean,Tamil,tiktoken_o200k,134.0,57
T2-26,T2,clean,Yoruba,tiktoken_o200k,143.0,57
T2-26,T2,clean,English,qwen2.5_7b,61.0,57
T2-26,T2,clean,Bengali,qwen2.5_7b,341.0,57
T2-26,T2,clean,Hindi,qwen2.5_7b,291.0,57
T2-26,T2,clean,Arabic,qwen2.5_7b,86.0,57
T2-26,T2,clean,Tamil,qwen2.5_7b,403.0,57
T2-26,T2,clean,Yoruba,qwen2.5_7b,182.0,57
T2-26,T2,clean,English,mistral_7b_v0.1,64.0,57
T2-26,T2,clean,Bengali,mistral_7b_v0.1,360.0,57
T2-26,T2,clean,Hindi,mistral_7b_v0.1,324.0,57
T2-26,T2,clean,Arabic,mistral_7b_v0.1,217.0,57
T2-26,T2,clean,Tamil,mistral_7b_v0.1,414.0,57
T2-26,T2,clean,Yoruba,mistral_7b_v0.1,197.0,57
T2-27,T2,clean,English,tiktoken_o200k,58.0,52
T2-27,T2,clean,Bengali,tiktoken_o200k,113.0,52
T2-27,T2,clean,Hindi,tiktoken_o200k,102.0,52
T2-27,T2,clean,Arabic,tiktoken_o200k,72.0,52
T2-27,T2,clean,Tamil,tiktoken_o200k,127.0,52
T2-27,T2,clean,Yoruba,tiktoken_o200k,139.0,52
T2-27,T2,clean,English,qwen2.5_7b,57.0,52
T2-27,T2,clean,Bengali,qwen2.5_7b,320.0,52
T2-27,T2,clean,Hindi,qwen2.5_7b,281.0,52
T2-27,T2,clean,Arabic,qwen2.5_7b,85.0,52
T2-27,T2,clean,Tamil,qwen2.5_7b,380.0,52
T2-27,T2,clean,Yoruba,qwen2.5_7b,188.0,52
T2-27,T2,clean,English,mistral_7b_v0.1,62.0,52
T2-27,T2,clean,Bengali,mistral_7b_v0.1,332.0,52
T2-27,T2,clean,Hindi,mistral_7b_v0.1,312.0,52
T2-27,T2,clean,Arabic,mistral_7b_v0.1,233.0,52
T2-27,T2,clean,Tamil,mistral_7b_v0.1,409.0,52
T2-27,T2,clean,Yoruba,mistral_7b_v0.1,206.0,52
T2-28,T2,clean,English,tiktoken_o200k,53.0,49
T2-28,T2,clean,Bengali,tiktoken_o200k,109.0,49
T2-28,T2,clean,Hindi,tiktoken_o200k,88.0,49
T2-28,T2,clean,Arabic,tiktoken_o200k,69.0,49
T2-28,T2,clean,Tamil,tiktoken_o200k,137.0,49
T2-28,T2,clean,Yoruba,tiktoken_o200k,184.0,49
T2-28,T2,clean,English,qwen2.5_7b,53.0,49
T2-28,T2,clean,Bengali,qwen2.5_7b,340.0,49
T2-28,T2,clean,Hindi,qwen2.5_7b,280.0,49
T2-28,T2,clean,Arabic,qwen2.5_7b,88.0,49
T2-28,T2,clean,Tamil,qwen2.5_7b,444.0,49
T2-28,T2,clean,Yoruba,qwen2.5_7b,244.0,49
T2-28,T2,clean,English,mistral_7b_v0.1,53.0,49
T2-28,T2,clean,Bengali,mistral_7b_v0.1,361.0,49
T2-28,T2,clean,Hindi,mistral_7b_v0.1,315.0,49
T2-28,T2,clean,Arabic,mistral_7b_v0.1,207.0,49
T2-28,T2,clean,Tamil,mistral_7b_v0.1,448.0,49
T2-28,T2,clean,Yoruba,mistral_7b_v0.1,270.0,49
T2-29,T2,clean,English,tiktoken_o200k,53.0,49
T2-29,T2,clean,Bengali,tiktoken_o200k,101.0,49
T2-29,T2,clean,Hindi,tiktoken_o200k,85.0,49
T2-29,T2,clean,Arabic,tiktoken_o200k,61.0,49
T2-29,T2,clean,Tamil,tiktoken_o200k,122.0,49
T2-29,T2,clean,Yoruba,tiktoken_o200k,135.0,49
T2-29,T2,clean,English,qwen2.5_7b,53.0,49
T2-29,T2,clean,Bengali,qwen2.5_7b,322.0,49
T2-29,T2,clean,Hindi,qwen2.5_7b,274.0,49
T2-29,T2,clean,Arabic,qwen2.5_7b,71.0,49
T2-29,T2,clean,Tamil,qwen2.5_7b,379.0,49
T2-29,T2,clean,Yoruba,qwen2.5_7b,180.0,49
T2-29,T2,clean,English,mistral_7b_v0.1,54.0,49
T2-29,T2,clean,Bengali,mistral_7b_v0.1,338.0,49
T2-29,T2,clean,Hindi,mistral_7b_v0.1,311.0,49
T2-29,T2,clean,Arabic,mistral_7b_v0.1,175.0,49
T2-29,T2,clean,Tamil,mistral_7b_v0.1,389.0,49
T2-29,T2,clean,Yoruba,mistral_7b_v0.1,205.0,49
T2-30,T2,clean,English,tiktoken_o200k,54.0,49
T2-30,T2,clean,Bengali,tiktoken_o200k,89.0,49
T2-30,T2,clean,Hindi,tiktoken_o200k,97.0,49
T2-30,T2,clean,Arabic,tiktoken_o200k,69.0,49
T2-30,T2,clean,Tamil,tiktoken_o200k,104.0,49
T2-30,T2,clean,Yoruba,tiktoken_o200k,133.0,49
T2-30,T2,clean,English,qwen2.5_7b,54.0,49
T2-30,T2,clean,Bengali,qwen2.5_7b,272.0,49
T2-30,T2,clean,Hindi,qwen2.5_7b,276.0,49
T2-30,T2,clean,Arabic,qwen2.5_7b,74.0,49
T2-30,T2,clean,Tamil,qwen2.5_7b,377.0,49
T2-30,T2,clean,Yoruba,qwen2.5_7b,181.0,49
T2-30,T2,clean,English,mistral_7b_v0.1,55.0,49
T2-30,T2,clean,Bengali,mistral_7b_v0.1,294.0,49
T2-30,T2,clean,Hindi,mistral_7b_v0.1,316.0,49
T2-30,T2,clean,Arabic,mistral_7b_v0.1,192.0,49
T2-30,T2,clean,Tamil,mistral_7b_v0.1,381.0,49
T2-30,T2,clean,Yoruba,mistral_7b_v0.1,201.0,49
T3-01,T3,clean,English,tiktoken_o200k,106.0,94
T3-01,T3,clean,Bengali,tiktoken_o200k,194.0,94
T3-01,T3,clean,Hindi,tiktoken_o200k,172.0,94
T3-01,T3,clean,Arabic,tiktoken_o200k,141.0,94
T3-01,T3,clean,Tamil,tiktoken_o200k,180.0,94
T3-01,T3,clean,Yoruba,tiktoken_o200k,219.0,94
T3-01,T3,clean,English,qwen2.5_7b,106.0,94
T3-01,T3,clean,Bengali,qwen2.5_7b,587.0,94
T3-01,T3,clean,Hindi,qwen2.5_7b,474.0,94
T3-01,T3,clean,Arabic,qwen2.5_7b,162.0,94
T3-01,T3,clean,Tamil,qwen2.5_7b,625.0,94
T3-01,T3,clean,Yoruba,qwen2.5_7b,301.0,94
T3-01,T3,clean,English,mistral_7b_v0.1,108.0,94
T3-01,T3,clean,Bengali,mistral_7b_v0.1,566.0,94
T3-01,T3,clean,Hindi,mistral_7b_v0.1,535.0,94
T3-01,T3,clean,Arabic,mistral_7b_v0.1,396.0,94
T3-01,T3,clean,Tamil,mistral_7b_v0.1,651.0,94
T3-01,T3,clean,Yoruba,mistral_7b_v0.1,319.0,94
T3-02,T3,clean,English,tiktoken_o200k,109.0,91
T3-02,T3,clean,Bengali,tiktoken_o200k,181.0,91
T3-02,T3,clean,Hindi,tiktoken_o200k,176.0,91
T3-02,T3,clean,Arabic,tiktoken_o200k,166.0,91
T3-02,T3,clean,Tamil,tiktoken_o200k,217.0,91
T3-02,T3,clean,Yoruba,tiktoken_o200k,261.0,91
T3-02,T3,clean,English,qwen2.5_7b,108.0,91
T3-02,T3,clean,Bengali,qwen2.5_7b,498.0,91
T3-02,T3,clean,Hindi,qwen2.5_7b,491.0,91
T3-02,T3,clean,Arabic,qwen2.5_7b,196.0,91
T3-02,T3,clean,Tamil,qwen2.5_7b,665.0,91
T3-02,T3,clean,Yoruba,qwen2.5_7b,348.0,91
T3-02,T3,clean,English,mistral_7b_v0.1,121.0,91
T3-02,T3,clean,Bengali,mistral_7b_v0.1,527.0,91
T3-02,T3,clean,Hindi,mistral_7b_v0.1,553.0,91
T3-02,T3,clean,Arabic,mistral_7b_v0.1,467.0,91
T3-02,T3,clean,Tamil,mistral_7b_v0.1,712.0,91
T3-02,T3,clean,Yoruba,mistral_7b_v0.1,389.0,91
T3-03,T3,clean,English,tiktoken_o200k,90.0,80
T3-03,T3,clean,Bengali,tiktoken_o200k,159.0,80
T3-03,T3,clean,Hindi,tiktoken_o200k,169.0,80
T3-03,T3,clean,Arabic,tiktoken_o200k,122.0,80
T3-03,T3,clean,Tamil,tiktoken_o200k,182.0,80
T3-03,T3,clean,Yoruba,tiktoken_o200k,193.0,80
T3-03,T3,clean,English,qwen2.5_7b,89.0,80
T3-03,T3,clean,Bengali,qwen2.5_7b,507.0,80
T3-03,T3,clean,Hindi,qwen2.5_7b,471.0,80
T3-03,T3,clean,Arabic,qwen2.5_7b,145.0,80
T3-03,T3,clean,Tamil,qwen2.5_7b,585.0,80
T3-03,T3,clean,Yoruba,qwen2.5_7b,261.0,80
T3-03,T3,clean,English,mistral_7b_v0.1,94.0,80
T3-03,T3,clean,Bengali,mistral_7b_v0.1,519.0,80
T3-03,T3,clean,Hindi,mistral_7b_v0.1,517.0,80
T3-03,T3,clean,Arabic,mistral_7b_v0.1,336.0,80
T3-03,T3,clean,Tamil,mistral_7b_v0.1,621.0,80
T3-03,T3,clean,Yoruba,mistral_7b_v0.1,298.0,80
T3-04,T3,clean,English,tiktoken_o200k,113.0,99
T3-04,T3,clean,Bengali,tiktoken_o200k,203.0,99
T3-04,T3,clean,Hindi,tiktoken_o200k,175.0,99
T3-04,T3,clean,Arabic,tiktoken_o200k,142.0,99
T3-04,T3,clean,Tamil,tiktoken_o200k,225.0,99
T3-04,T3,clean,Yoruba,tiktoken_o200k,247.0,99
T3-04,T3,clean,English,qwen2.5_7b,112.0,99
T3-04,T3,clean,Bengali,qwen2.5_7b,603.0,99
T3-04,T3,clean,Hindi,qwen2.5_7b,513.0,99
T3-04,T3,clean,Arabic,qwen2.5_7b,176.0,99
T3-04,T3,clean,Tamil,qwen2.5_7b,753.0,99
T3-04,T3,clean,Yoruba,qwen2.5_7b,328.0,99
T3-04,T3,clean,English,mistral_7b_v0.1,116.0,99
T3-04,T3,clean,Bengali,mistral_7b_v0.1,608.0,99
T3-04,T3,clean,Hindi,mistral_7b_v0.1,567.0,99
T3-04,T3,clean,Arabic,mistral_7b_v0.1,392.0,99
T3-04,T3,clean,Tamil,mistral_7b_v0.1,814.0,99
T3-04,T3,clean,Yoruba,mistral_7b_v0.1,381.0,99
T3-05,T3,clean,English,tiktoken_o200k,103.0,92
T3-05,T3,clean,Bengali,tiktoken_o200k,167.0,92
T3-05,T3,clean,Hindi,tiktoken_o200k,164.0,92
T3-05,T3,clean,Arabic,tiktoken_o200k,124.0,92
T3-05,T3,clean,Tamil,tiktoken_o200k,198.0,92
T3-05,T3,clean,Yoruba,tiktoken_o200k,236.0,92
T3-05,T3,clean,English,qwen2.5_7b,102.0,92
T3-05,T3,clean,Bengali,qwen2.5_7b,519.0,92
T3-05,T3,clean,Hindi,qwen2.5_7b,450.0,92
T3-05,T3,clean,Arabic,qwen2.5_7b,157.0,92
T3-05,T3,clean,Tamil,qwen2.5_7b,634.0,92
T3-05,T3,clean,Yoruba,qwen2.5_7b,313.0,92
T3-05,T3,clean,English,mistral_7b_v0.1,107.0,92
T3-05,T3,clean,Bengali,mistral_7b_v0.1,534.0,92
T3-05,T3,clean,Hindi,mistral_7b_v0.1,502.0,92
T3-05,T3,clean,Arabic,mistral_7b_v0.1,355.0,92
T3-05,T3,clean,Tamil,mistral_7b_v0.1,678.0,92
T3-05,T3,clean,Yoruba,mistral_7b_v0.1,343.0,92
T3-06,T3,clean,English,tiktoken_o200k,95.0,86
T3-06,T3,clean,Bengali,tiktoken_o200k,168.0,86
T3-06,T3,clean,Hindi,tiktoken_o200k,151.0,86
T3-06,T3,clean,Arabic,tiktoken_o200k,137.0,86
T3-06,T3,clean,Tamil,tiktoken_o200k,209.0,86
T3-06,T3,clean,Yoruba,tiktoken_o200k,260.0,86
T3-06,T3,clean,English,qwen2.5_7b,95.0,86
T3-06,T3,clean,Bengali,qwen2.5_7b,510.0,86
T3-06,T3,clean,Hindi,qwen2.5_7b,400.0,86
T3-06,T3,clean,Arabic,qwen2.5_7b,163.0,86
T3-06,T3,clean,Tamil,qwen2.5_7b,659.0,86
T3-06,T3,clean,Yoruba,qwen2.5_7b,346.0,86
T3-06,T3,clean,English,mistral_7b_v0.1,98.0,86
T3-06,T3,clean,Bengali,mistral_7b_v0.1,502.0,86
T3-06,T3,clean,Hindi,mistral_7b_v0.1,457.0,86
T3-06,T3,clean,Arabic,mistral_7b_v0.1,382.0,86
T3-06,T3,clean,Tamil,mistral_7b_v0.1,697.0,86
T3-06,T3,clean,Yoruba,mistral_7b_v0.1,395.0,86
T3-07,T3,clean,English,tiktoken_o200k,114.0,101
T3-07,T3,clean,Bengali,tiktoken_o200k,211.0,101
T3-07,T3,clean,Hindi,tiktoken_o200k,183.0,101
T3-07,T3,clean,Arabic,tiktoken_o200k,152.0,101
T3-07,T3,clean,Tamil,tiktoken_o200k,233.0,101
T3-07,T3,clean,Yoruba,tiktoken_o200k,150.0,101
T3-07,T3,clean,English,qwen2.5_7b,114.0,101
T3-07,T3,clean,Bengali,qwen2.5_7b,637.0,101
T3-07,T3,clean,Hindi,qwen2.5_7b,494.0,101
T3-07,T3,clean,Arabic,qwen2.5_7b,184.0,101
T3-07,T3,clean,Tamil,qwen2.5_7b,757.0,101
T3-07,T3,clean,Yoruba,qwen2.5_7b,246.0,101
T3-07,T3,clean,English,mistral_7b_v0.1,115.0,101
T3-07,T3,clean,Bengali,mistral_7b_v0.1,628.0,101
T3-07,T3,clean,Hindi,mistral_7b_v0.1,545.0,101
T3-07,T3,clean,Arabic,mistral_7b_v0.1,422.0,101
T3-07,T3,clean,Tamil,mistral_7b_v0.1,839.0,101
T3-07,T3,clean,Yoruba,mistral_7b_v0.1,288.0,101
T3-08,T3,clean,English,tiktoken_o200k,104.0,91
T3-08,T3,clean,Bengali,tiktoken_o200k,176.0,91
T3-08,T3,clean,Hindi,tiktoken_o200k,157.0,91
T3-08,T3,clean,Arabic,tiktoken_o200k,140.0,91
T3-08,T3,clean,Tamil,tiktoken_o200k,214.0,91
T3-08,T3,clean,Yoruba,tiktoken_o200k,261.0,91
T3-08,T3,clean,English,qwen2.5_7b,104.0,91
T3-08,T3,clean,Bengali,qwen2.5_7b,528.0,91
T3-08,T3,clean,Hindi,qwen2.5_7b,436.0,91
T3-08,T3,clean,Arabic,qwen2.5_7b,169.0,91
T3-08,T3,clean,Tamil,qwen2.5_7b,690.0,91
T3-08,T3,clean,Yoruba,qwen2.5_7b,360.0,91
T3-08,T3,clean,English,mistral_7b_v0.1,109.0,91
T3-08,T3,clean,Bengali,mistral_7b_v0.1,528.0,91
T3-08,T3,clean,Hindi,mistral_7b_v0.1,474.0,91
T3-08,T3,clean,Arabic,mistral_7b_v0.1,373.0,91
T3-08,T3,clean,Tamil,mistral_7b_v0.1,722.0,91
T3-08,T3,clean,Yoruba,mistral_7b_v0.1,381.0,91
T3-09,T3,clean,English,tiktoken_o200k,103.0,91
T3-09,T3,clean,Bengali,tiktoken_o200k,175.0,91
T3-09,T3,clean,Hindi,tiktoken_o200k,165.0,91
T3-09,T3,clean,Arabic,tiktoken_o200k,145.0,91
T3-09,T3,clean,Tamil,tiktoken_o200k,209.0,91
T3-09,T3,clean,Yoruba,tiktoken_o200k,238.0,91
T3-09,T3,clean,English,qwen2.5_7b,103.0,91
T3-09,T3,clean,Bengali,qwen2.5_7b,565.0,91
T3-09,T3,clean,Hindi,qwen2.5_7b,483.0,91
T3-09,T3,clean,Arabic,qwen2.5_7b,173.0,91
T3-09,T3,clean,Tamil,qwen2.5_7b,738.0,91
T3-09,T3,clean,Yoruba,qwen2.5_7b,352.0,91
T3-09,T3,clean,English,mistral_7b_v0.1,108.0,91
T3-09,T3,clean,Bengali,mistral_7b_v0.1,570.0,91
T3-09,T3,clean,Hindi,mistral_7b_v0.1,547.0,91
T3-09,T3,clean,Arabic,mistral_7b_v0.1,391.0,91
T3-09,T3,clean,Tamil,mistral_7b_v0.1,770.0,91
T3-09,T3,clean,Yoruba,mistral_7b_v0.1,388.0,91
T3-10,T3,clean,English,tiktoken_o200k,113.0,105
T3-10,T3,clean,Bengali,tiktoken_o200k,196.0,105
T3-10,T3,clean,Hindi,tiktoken_o200k,197.0,105
T3-10,T3,clean,Arabic,tiktoken_o200k,139.0,105
T3-10,T3,clean,Tamil,tiktoken_o200k,271.0,105
T3-10,T3,clean,Yoruba,tiktoken_o200k,157.0,105
T3-10,T3,clean,English,qwen2.5_7b,113.0,105
T3-10,T3,clean,Bengali,qwen2.5_7b,602.0,105
T3-10,T3,clean,Hindi,qwen2.5_7b,593.0,105
T3-10,T3,clean,Arabic,qwen2.5_7b,171.0,105
T3-10,T3,clean,Tamil,qwen2.5_7b,757.0,105
T3-10,T3,clean,Yoruba,qwen2.5_7b,221.0,105
T3-10,T3,clean,English,mistral_7b_v0.1,115.0,105
T3-10,T3,clean,Bengali,mistral_7b_v0.1,644.0,105
T3-10,T3,clean,Hindi,mistral_7b_v0.1,647.0,105
T3-10,T3,clean,Arabic,mistral_7b_v0.1,390.0,105
T3-10,T3,clean,Tamil,mistral_7b_v0.1,821.0,105
T3-10,T3,clean,Yoruba,mistral_7b_v0.1,260.0,105
T3-11,T3,clean,English,tiktoken_o200k,112.0,103
T3-11,T3,clean,Bengali,tiktoken_o200k,200.0,103
T3-11,T3,clean,Hindi,tiktoken_o200k,188.0,103
T3-11,T3,clean,Arabic,tiktoken_o200k,145.0,103
T3-11,T3,clean,Tamil,tiktoken_o200k,231.0,103
T3-11,T3,clean,Yoruba,tiktoken_o200k,259.0,103
T3-11,T3,clean,English,qwen2.5_7b,112.0,103
T3-11,T3,clean,Bengali,qwen2.5_7b,614.0,103
T3-11,T3,clean,Hindi,qwen2.5_7b,545.0,103
T3-11,T3,clean,Arabic,qwen2.5_7b,167.0,103
T3-11,T3,clean,Tamil,qwen2.5_7b,783.0,103
T3-11,T3,clean,Yoruba,qwen2.5_7b,356.0,103
T3-11,T3,clean,English,mistral_7b_v0.1,112.0,103
T3-11,T3,clean,Bengali,mistral_7b_v0.1,623.0,103
T3-11,T3,clean,Hindi,mistral_7b_v0.1,611.0,103
T3-11,T3,clean,Arabic,mistral_7b_v0.1,401.0,103
T3-11,T3,clean,Tamil,mistral_7b_v0.1,825.0,103
T3-11,T3,clean,Yoruba,mistral_7b_v0.1,434.0,103
T3-12,T3,clean,English,tiktoken_o200k,108.0,95
T3-12,T3,clean,Bengali,tiktoken_o200k,204.0,95
T3-12,T3,clean,Hindi,tiktoken_o200k,204.0,95
T3-12,T3,clean,Arabic,tiktoken_o200k,153.0,95
T3-12,T3,clean,Tamil,tiktoken_o200k,217.0,95
T3-12,T3,clean,Yoruba,tiktoken_o200k,269.0,95
T3-12,T3,clean,English,qwen2.5_7b,108.0,95
T3-12,T3,clean,Bengali,qwen2.5_7b,580.0,95
T3-12,T3,clean,Hindi,qwen2.5_7b,564.0,95
T3-12,T3,clean,Arabic,qwen2.5_7b,185.0,95
T3-12,T3,clean,Tamil,qwen2.5_7b,721.0,95
T3-12,T3,clean,Yoruba,qwen2.5_7b,368.0,95
T3-12,T3,clean,English,mistral_7b_v0.1,111.0,95
T3-12,T3,clean,Bengali,mistral_7b_v0.1,599.0,95
T3-12,T3,clean,Hindi,mistral_7b_v0.1,641.0,95
T3-12,T3,clean,Arabic,mistral_7b_v0.1,419.0,95
T3-12,T3,clean,Tamil,mistral_7b_v0.1,747.0,95
T3-12,T3,clean,Yoruba,mistral_7b_v0.1,428.0,95
T3-13,T3,clean,English,tiktoken_o200k,102.0,86
T3-13,T3,clean,Bengali,tiktoken_o200k,205.0,86
T3-13,T3,clean,Hindi,tiktoken_o200k,170.0,86
T3-13,T3,clean,Arabic,tiktoken_o200k,156.0,86
T3-13,T3,clean,Tamil,tiktoken_o200k,219.0,86
T3-13,T3,clean,Yoruba,tiktoken_o200k,124.0,86
T3-13,T3,clean,English,qwen2.5_7b,102.0,86
T3-13,T3,clean,Bengali,qwen2.5_7b,563.0,86
T3-13,T3,clean,Hindi,qwen2.5_7b,477.0,86
T3-13,T3,clean,Arabic,qwen2.5_7b,198.0,86
T3-13,T3,clean,Tamil,qwen2.5_7b,708.0,86
T3-13,T3,clean,Yoruba,qwen2.5_7b,176.0,86
T3-13,T3,clean,English,mistral_7b_v0.1,108.0,86
T3-13,T3,clean,Bengali,mistral_7b_v0.1,582.0,86
T3-13,T3,clean,Hindi,mistral_7b_v0.1,542.0,86
T3-13,T3,clean,Arabic,mistral_7b_v0.1,416.0,86
T3-13,T3,clean,Tamil,mistral_7b_v0.1,762.0,86
T3-13,T3,clean,Yoruba,mistral_7b_v0.1,193.0,86
T3-14,T3,clean,English,tiktoken_o200k,122.0,103
T3-14,T3,clean,Bengali,tiktoken_o200k,231.0,103
T3-14,T3,clean,Hindi,tiktoken_o200k,199.0,103
T3-14,T3,clean,Arabic,tiktoken_o200k,167.0,103
T3-14,T3,clean,Tamil,tiktoken_o200k,276.0,103
T3-14,T3,clean,Yoruba,tiktoken_o200k,368.0,103
T3-14,T3,clean,English,qwen2.5_7b,122.0,103
T3-14,T3,clean,Bengali,qwen2.5_7b,664.0,103
T3-14,T3,clean,Hindi,qwen2.5_7b,543.0,103
T3-14,T3,clean,Arabic,qwen2.5_7b,196.0,103
T3-14,T3,clean,Tamil,qwen2.5_7b,870.0,103
T3-14,T3,clean,Yoruba,qwen2.5_7b,471.0,103
T3-14,T3,clean,English,mistral_7b_v0.1,130.0,103
T3-14,T3,clean,Bengali,mistral_7b_v0.1,657.0,103
T3-14,T3,clean,Hindi,mistral_7b_v0.1,618.0,103
T3-14,T3,clean,Arabic,mistral_7b_v0.1,442.0,103
T3-14,T3,clean,Tamil,mistral_7b_v0.1,935.0,103
T3-14,T3,clean,Yoruba,mistral_7b_v0.1,513.0,103
T3-15,T3,clean,English,tiktoken_o200k,102.0,93
T3-15,T3,clean,Bengali,tiktoken_o200k,186.0,93
T3-15,T3,clean,Hindi,tiktoken_o200k,171.0,93
T3-15,T3,clean,Arabic,tiktoken_o200k,137.0,93
T3-15,T3,clean,Tamil,tiktoken_o200k,210.0,93
T3-15,T3,clean,Yoruba,tiktoken_o200k,234.0,93
T3-15,T3,clean,English,qwen2.5_7b,102.0,93
T3-15,T3,clean,Bengali,qwen2.5_7b,582.0,93
T3-15,T3,clean,Hindi,qwen2.5_7b,490.0,93
T3-15,T3,clean,Arabic,qwen2.5_7b,168.0,93
T3-15,T3,clean,Tamil,qwen2.5_7b,714.0,93
T3-15,T3,clean,Yoruba,qwen2.5_7b,306.0,93
T3-15,T3,clean,English,mistral_7b_v0.1,104.0,93
T3-15,T3,clean,Bengali,mistral_7b_v0.1,599.0,93
T3-15,T3,clean,Hindi,mistral_7b_v0.1,572.0,93
T3-15,T3,clean,Arabic,mistral_7b_v0.1,385.0,93
T3-15,T3,clean,Tamil,mistral_7b_v0.1,741.0,93
T3-15,T3,clean,Yoruba,mistral_7b_v0.1,356.0,93
T3-16,T3,clean,English,tiktoken_o200k,123.0,115
T3-16,T3,clean,Bengali,tiktoken_o200k,228.0,115
T3-16,T3,clean,Hindi,tiktoken_o200k,236.0,115
T3-16,T3,clean,Arabic,tiktoken_o200k,159.0,115
T3-16,T3,clean,Tamil,tiktoken_o200k,259.0,115
T3-16,T3,clean,Yoruba,tiktoken_o200k,311.0,115
T3-16,T3,clean,English,qwen2.5_7b,123.0,115
T3-16,T3,clean,Bengali,qwen2.5_7b,774.0,115
T3-16,T3,clean,Hindi,qwen2.5_7b,674.0,115
T3-16,T3,clean,Arabic,qwen2.5_7b,184.0,115
T3-16,T3,clean,Tamil,qwen2.5_7b,763.0,115
T3-16,T3,clean,Yoruba,qwen2.5_7b,396.0,115
T3-16,T3,clean,English,mistral_7b_v0.1,126.0,115
T3-16,T3,clean,Bengali,mistral_7b_v0.1,774.0,115
T3-16,T3,clean,Hindi,mistral_7b_v0.1,753.0,115
T3-16,T3,clean,Arabic,mistral_7b_v0.1,500.0,115
T3-16,T3,clean,Tamil,mistral_7b_v0.1,810.0,115
T3-16,T3,clean,Yoruba,mistral_7b_v0.1,424.0,115
T3-17,T3,clean,English,tiktoken_o200k,107.0,98
T3-17,T3,clean,Bengali,tiktoken_o200k,201.0,98
T3-17,T3,clean,Hindi,tiktoken_o200k,180.0,98
T3-17,T3,clean,Arabic,tiktoken_o200k,168.0,98
T3-17,T3,clean,Tamil,tiktoken_o200k,234.0,98
T3-17,T3,clean,Yoruba,tiktoken_o200k,276.0,98
T3-17,T3,clean,English,qwen2.5_7b,107.0,98
T3-17,T3,clean,Bengali,qwen2.5_7b,573.0,98
T3-17,T3,clean,Hindi,qwen2.5_7b,504.0,98
T3-17,T3,clean,Arabic,qwen2.5_7b,196.0,98
T3-17,T3,clean,Tamil,qwen2.5_7b,737.0,98
T3-17,T3,clean,Yoruba,qwen2.5_7b,365.0,98
T3-17,T3,clean,English,mistral_7b_v0.1,109.0,98
T3-17,T3,clean,Bengali,mistral_7b_v0.1,585.0,98
T3-17,T3,clean,Hindi,mistral_7b_v0.1,564.0,98
T3-17,T3,clean,Arabic,mistral_7b_v0.1,457.0,98
T3-17,T3,clean,Tamil,mistral_7b_v0.1,755.0,98
T3-17,T3,clean,Yoruba,mistral_7b_v0.1,412.0,98
T3-18,T3,clean,English,tiktoken_o200k,107.0,90
T3-18,T3,clean,Bengali,tiktoken_o200k,186.0,90
T3-18,T3,clean,Hindi,tiktoken_o200k,176.0,90
T3-18,T3,clean,Arabic,tiktoken_o200k,131.0,90
T3-18,T3,clean,Tamil,tiktoken_o200k,188.0,90
T3-18,T3,clean,Yoruba,tiktoken_o200k,219.0,90
T3-18,T3,clean,English,qwen2.5_7b,107.0,90
T3-18,T3,clean,Bengali,qwen2.5_7b,540.0,90
T3-18,T3,clean,Hindi,qwen2.5_7b,496.0,90
T3-18,T3,clean,Arabic,qwen2.5_7b,161.0,90
T3-18,T3,clean,Tamil,qwen2.5_7b,629.0,90
T3-18,T3,clean,Yoruba,qwen2.5_7b,279.0,90
T3-18,T3,clean,English,mistral_7b_v0.1,111.0,90
T3-18,T3,clean,Bengali,mistral_7b_v0.1,552.0,90
T3-18,T3,clean,Hindi,mistral_7b_v0.1,546.0,90
T3-18,T3,clean,Arabic,mistral_7b_v0.1,407.0,90
T3-18,T3,clean,Tamil,mistral_7b_v0.1,638.0,90
T3-18,T3,clean,Yoruba,mistral_7b_v0.1,312.0,90
T3-19,T3,clean,English,tiktoken_o200k,120.0,100
T3-19,T3,clean,Bengali,tiktoken_o200k,230.0,100
T3-19,T3,clean,Hindi,tiktoken_o200k,180.0,100
T3-19,T3,clean,Arabic,tiktoken_o200k,174.0,100
T3-19,T3,clean,Tamil,tiktoken_o200k,269.0,100
T3-19,T3,clean,Yoruba,tiktoken_o200k,335.0,100
T3-19,T3,clean,English,qwen2.5_7b,121.0,100
T3-19,T3,clean,Bengali,qwen2.5_7b,721.0,100
T3-19,T3,clean,Hindi,qwen2.5_7b,533.0,100
T3-19,T3,clean,Arabic,qwen2.5_7b,206.0,100
T3-19,T3,clean,Tamil,qwen2.5_7b,894.0,100
T3-19,T3,clean,Yoruba,qwen2.5_7b,430.0,100
T3-19,T3,clean,English,mistral_7b_v0.1,133.0,100
T3-19,T3,clean,Bengali,mistral_7b_v0.1,719.0,100
T3-19,T3,clean,Hindi,mistral_7b_v0.1,595.0,100
T3-19,T3,clean,Arabic,mistral_7b_v0.1,477.0,100
T3-19,T3,clean,Tamil,mistral_7b_v0.1,912.0,100
T3-19,T3,clean,Yoruba,mistral_7b_v0.1,481.0,100
T3-20,T3,clean,English,tiktoken_o200k,112.0,98
T3-20,T3,clean,Bengali,tiktoken_o200k,188.0,98
T3-20,T3,clean,Hindi,tiktoken_o200k,169.0,98
T3-20,T3,clean,Arabic,tiktoken_o200k,135.0,98
T3-20,T3,clean,Tamil,tiktoken_o200k,198.0,98
T3-20,T3,clean,Yoruba,tiktoken_o200k,270.0,98
T3-20,T3,clean,English,qwen2.5_7b,113.0,98
T3-20,T3,clean,Bengali,qwen2.5_7b,587.0,98
T3-20,T3,clean,Hindi,qwen2.5_7b,543.0,98
T3-20,T3,clean,Arabic,qwen2.5_7b,169.0,98
T3-20,T3,clean,Tamil,qwen2.5_7b,728.0,98
T3-20,T3,clean,Yoruba,qwen2.5_7b,338.0,98
T3-20,T3,clean,English,mistral_7b_v0.1,121.0,98
T3-20,T3,clean,Bengali,mistral_7b_v0.1,624.0,98
T3-20,T3,clean,Hindi,mistral_7b_v0.1,593.0,98
T3-20,T3,clean,Arabic,mistral_7b_v0.1,407.0,98
T3-20,T3,clean,Tamil,mistral_7b_v0.1,752.0,98
T3-20,T3,clean,Yoruba,mistral_7b_v0.1,370.0,98
